slave,addr,eng,var,ref
1,56,1,customer,Customer Id
1,57,1,machine,FM No 
1,58,1,cylindertype,Type of Cycle
1,59,0.001,residual,Residual Gas
1,60,0.001,tare,Tare Weight
1,61,0.001,net,Net Weight
1,62,0.001,differences,Frozen Weight/Difference
1,63,1,cylinderstatus,Cycle Filling Status (U/P/O)
1,64,1,plc_flag,Data Read SCADA Bit
1,65,1,date,Date
1,66,1,month,Month
1,67,1,year,Year
1,68,1,hours,Hours
1,69,1,minutes,Minutes
1,70,1,seconds,Seconds
1,71,0.1,pressure,LPG PRESSURE
1,72,1,na,N.A.
1,73,1,na,N.A.
1,74,1,na,N.A.
1,75,1,na,N.A.
1,76,1,customer,Customer Id
1,77,1,machine,FM No 
1,78,1,cylindertype,Type of Cycle
1,79,0.001,residual,Residual Gas
1,80,0.001,tare,Tare Weight
1,81,0.001,net,Net Weight
1,82,0.001,differences,Frozen Weight/Difference
1,83,1,cylinderstatus,Cycle Filling Status (U/P/O)
1,84,1,plc_flag,Data Read SCADA Bit
1,85,1,date,Date
1,86,1,month,Month
1,87,1,year,Year
1,88,1,hours,Hours
1,89,1,minutes,Minutes
1,90,1,seconds,Seconds
1,91,0.1,pressure,LPG PRESSURE
1,92,1,na,N.A.
1,93,1,na,N.A.
1,94,1,na,N.A.
1,95,1,na,N.A.
16,31,1,OkCylinder,OK cylinder
16,32,1,RejCylinder,Rej cylinder
16,33,1,RejCode,Rejection Code
16,34,1,FlagAddress,Data Read PLC Bit
16,35,1,spare,Spare
16,36,1,na,N.A.
3,56,1,OkCylinder,OK cylinder
3,57,1,RejCylinder,Rej cylinder
3,58,1,RejCode,Rejection Code
3,59,1,FlagAddress,Data Read PLC Bit
3,60,1,spare,Spare
3,61,1,na,N.A.
